���� �õ������ڵ�,�ñ��������ڵ�,�ñ�����
11,11110,���α�
11,11140,�߱�
11,11170,��걸
11,11200,������
11,11215,������
11,11230,���빮��
11,11260,�߶���
11,11290,���ϱ�
11,11305,���ϱ�
11,11320,������
11,11350,�����
11,11380,����
11,11410,���빮��
11,11440,������
11,11470,��õ��
11,11500,������
11,11530,���α�
11,11545,��õ��
11,11560,��������
11,11590,���۱�
11,11620,���Ǳ�
11,11650,���ʱ�
11,11680,������
11,11710,���ı�
11,11740,������
26,26110,�߱�
26,26140,����
26,26170,����
26,26200,������
26,26230,�λ�����
26,26260,������
26,26290,����
26,26320,�ϱ�
26,26350,�ؿ�뱸
26,26380,���ϱ�
26,26410,������
26,26440,������
26,26470,������
26,26500,������
26,26530,���
26,26710,���屺
27,27110,�߱�
27,27140,����
27,27170,����
27,27200,����
27,27230,�ϱ�
27,27260,������
27,27290,�޼���
27,27710,�޼���
28,28110,�߱�
28,28140,����
28,28170,����Ȧ��
28,28185,������
28,28200,������
28,28237,����
28,28245,��籸
28,28260,����
28,28710,��ȭ��
28,28720,������
29,29110,����
29,29140,����
29,29155,����
29,29170,�ϱ�
29,29200,���걸
30,30110,����
30,30140,�߱�
30,30170,����
30,30200,������
30,30230,�����
31,31110,�߱�
31,31140,����
31,31170,����
31,31200,�ϱ�
31,31710,���ֱ�
41,41111,������ ��ȱ�
41,41113,������ �Ǽ���
41,41115,������ �ȴޱ�
41,41117,������ ���뱸
41,41131,������ ������
41,41133,������ �߿���
41,41135,������ �д籸
41,41150,�����ν�
41,41171,�Ⱦ�� ���ȱ�
41,41173,�Ⱦ�� ���ȱ�
41,41190,��õ��
41,41195,��õ�� ���̱�
41,41197,��õ�� �һ籸
41,41199,��õ�� ������
41,41210,������
41,41220,���ý�
41,41250,����õ��
41,41271,�Ȼ�� ��ϱ�
41,41273,�Ȼ�� �ܿ���
41,41281,����� ���籸
41,41285,����� �ϻ굿��
41,41287,����� �ϻ꼭��
41,41290,��õ��
41,41310,������
41,41360,�����ֽ�
41,41370,�����
41,41390,�����
41,41410,������
41,41430,�ǿս�
41,41450,�ϳ���
41,41461,���ν� ó�α�
41,41463,���ν� ���ﱸ
41,41465,���ν� ������
41,41480,���ֽ�
41,41500,��õ��
41,41550,�ȼ���
41,41570,������
41,41590,ȭ����
41,41610,���ֽ�
41,41630,���ֽ�
41,41650,��õ��
41,41670,���ֽ�
41,41800,��õ��
41,41820,����
41,41830,����
42,42110,��õ��
42,42130,���ֽ�
42,42150,������
42,42170,���ؽ�
42,42190,�¹��
42,42210,���ʽ�
42,42230,��ô��
42,42720,ȫõ��
42,42730,Ⱦ����
42,42750,������
42,42760,��â��
42,42770,������
42,42780,ö����
42,42790,ȭõ��
42,42800,�籸��
42,42810,������
42,42820,������
42,42830,��籺
43,43111,û�ֽ� ��籸
43,43112,û�ֽ� ������
43,43113,û�ֽ� �����
43,43114,û�ֽ� û����
43,43130,���ֽ�
43,43150,��õ��
43,43710,û����
43,43720,������
43,43730,��õ��
43,43740,������
43,43745,����
43,43750,��õ��
43,43760,���걺
43,43770,������
43,43800,�ܾ籺
44,36110,����Ư����ġ��
44,44131,õ�Ƚ� ������
44,44133,õ�Ƚ� ���ϱ�
44,44150,���ֽ�
44,44180,���ɽ�
44,44200,�ƻ��
44,44210,�����
44,44230,�����
44,44250,����
44,44270,������
44,44710,�ݻ걺
44,44730,���ⱺ
44,44760,�ο���
44,44770,��õ��
44,44790,û�籺
44,44800,ȫ����
44,44810,���걺
44,44825,�¾ȱ�
45,45111,���ֽ� �ϻ걸
45,45113,���ֽ� ������
45,45130,�����
45,45140,�ͻ��
45,45180,������
45,45190,������
45,45210,������
45,45710,���ֱ�
45,45720,���ȱ�
45,45730,���ֱ�
45,45740,�����
45,45750,�ӽǱ�
45,45770,��â��
45,45790,��â��
45,45800,�ξȱ�
46,46110,������
46,46130,������
46,46150,��õ��
46,46170,���ֽ�
46,46230,�����
46,46710,��籺
46,46720,���
46,46730,���ʱ�
46,46770,���ﱺ
46,46780,������
46,46790,ȭ����
46,46800,���ﱺ
46,46810,������
46,46820,�س���
46,46830,���ϱ�
46,46840,���ȱ�
46,46860,����
46,46870,������
46,46880,�强��
46,46890,�ϵ���
46,46900,������
46,46910,�žȱ�
47,47111,���׽� ����
47,47113,���׽� �ϱ�
47,47130,���ֽ�
47,47150,��õ��
47,47170,�ȵ���
47,47190,���̽�
47,47210,���ֽ�
47,47230,��õ��
47,47250,���ֽ�
47,47280,�����
47,47290,����
47,47720,������
47,47730,�Ǽ���
47,47750,û�۱�
47,47760,���籺
47,47770,������
47,47820,û����
47,47830,���ɱ�
47,47840,���ֱ�
47,47850,ĥ�
47,47900,��õ��
47,47920,��ȭ��
47,47930,������
47,47940,�︪��
48,48121,â���� ��â��
48,48123,â���� ���걸
48,48125,â���� ����������
48,48127,â���� ����ȸ����
48,48129,â���� ���ر�
48,48170,���ֽ�
48,48220,�뿵��
48,48240,��õ��
48,48250,���ؽ�
48,48270,�о��
48,48310,������
48,48330,����
48,48720,�Ƿɱ�
48,48730,�Ծȱ�
48,48740,â�籺
48,48820,������
48,48840,���ر�
48,48850,�ϵ���
48,48860,��û��
48,48870,�Ծ籺
48,48880,��â��
48,48890,��õ��
49,49110,���ֽ�
49,49130,��������
49,49710,�����ֱ�
49,49720,�����ֱ�
